{
  "cv_scores": [
    0.8900438530510918,
    0.889489968635462,
    0.8904258906133716,
    0.8940744466038412,
    0.8947015538778338
  ],
  "cv_mean_f1": 0.8917471425563199,
  "cv_std": 0.002185709327914577,
  "train_f1_real": 0.9272081521896751,
  "train_acc_real": 0.9261964601635523,
  "val_f1": 0.9247618547980039,
  "val_acc": 0.9227542568696456,
  "overfit_gap": 0.002446297391671237,
  "best_iteration": 299,
  "n_classes": 5,
  "test_f1_macro": 0.9229563743181431,
  "test_f1_weighted": 0.9231159065179427,
  "test_accuracy": 0.9229951074239523,
  "model_size_mb": 2.8831281661987305,
  "timestamp": "2025-12-27T08:39:08.168587",
  "overfit_calculation": "real_train_data_vs_validation"
}